34.073638,-84.677017,Taco Bell Acwort... (Free trial * Add to Cart for a full POI info)
34.035985,-84.683302,Taco Bell Acworth/... (Free trial * Add to Cart for a full POI info)
34.087508,-84.575512,Taco Bell Acworth/... (Free trial * Add to Cart for a full POI info)
34.376395,-84.913185,Taco Bell Adairsvill... (Free trial * Add to Cart for a full POI info)
33.22997,-86.805275,Taco Bell Alabaste... (Free trial * Add to Cart for a full POI info)
31.570771,-84.10353,Taco Bell Albany/... (Free trial * Add to Cart for a full POI info)
31.597099,-84.176122,Taco Bell Albany/... (Free trial * Add to Cart for a full POI info)
34.280205,-86.217115,Taco Bell Albertvill... (Free trial * Add to Cart for a full POI info)
32.92496,-85.961342,Taco Bell Alexander Cit... (Free trial * Add to Cart for a full POI info)
34.071477,-84.296345,Taco Bell Alpharett... (Free trial * Add to Cart for a full POI info)
34.047374,-84.223918,Taco Bell Alpharetta/... (Free trial * Add to Cart for a full POI info)
34.039588,-84.283254,Taco Bell Alpharetta/... (Free trial * Add to Cart for a full POI info)
32.072974,-84.222921,Taco Bell Americu... (Free trial * Add to Cart for a full POI info)
33.671982,-85.826674,Taco Bell Annisto... (Free trial * Add to Cart for a full POI info)
34.324462,-86.503055,Taco Bell Ara... (Free trial * Add to Cart for a full POI info)
34.992219,-86.841402,Taco Bell Ardmore/... (Free trial * Add to Cart for a full POI info)
34.795116,-86.97191,Taco Bell Athens/... (Free trial * Add to Cart for a full POI info)
34.018008,-86.079099,Taco Bell Attall... (Free trial * Add to Cart for a full POI info)
32.571331,-85.499655,Taco Bell Auburn/... (Free trial * Add to Cart for a full POI info)
32.609135,-85.479907,Taco Bell Auburn/... (Free trial * Add to Cart for a full POI info)
33.858498,-84.60189,Taco Bell Austel... (Free trial * Add to Cart for a full POI info)
30.903723,-84.556037,Taco Bell Bainbridg... (Free trial * Add to Cart for a full POI info)
30.906033,-87.79328,Taco Bell Bay Minett... (Free trial * Add to Cart for a full POI info)
33.556383,-86.889051,Taco Bell Birmingha... (Free trial * Add to Cart for a full POI info)
33.524131,-86.724876,Taco Bell Birmingham/... (Free trial * Add to Cart for a full POI info)
33.635282,-86.684056,Taco Bell Birmingham/... (Free trial * Add to Cart for a full POI info)
33.59453,-86.694742,Taco Bell Birmingham/... (Free trial * Add to Cart for a full POI info)
33.49763,-86.875722,Taco Bell Birmingham/... (Free trial * Add to Cart for a full POI info)
33.470013,-86.816966,Taco Bell Birmingham/... (Free trial * Add to Cart for a full POI info)
34.8831,-84.293899,Taco Bell Blue Ridg... (Free trial * Add to Cart for a full POI info)
34.201107,-86.151229,Taco Bell Boa... (Free trial * Add to Cart for a full POI info)
34.095209,-84.011894,Taco Bell Bufor... (Free trial * Add to Cart for a full POI info)
33.145076,-86.749777,Taco Bell Caler... (Free trial * Add to Cart for a full POI info)
34.176666,-84.420356,Taco Bell Canto... (Free trial * Add to Cart for a full POI info)
34.2223,-84.503673,Taco Bell Canton/... (Free trial * Add to Cart for a full POI info)
33.587217,-85.057114,Taco Bell Carrollto... (Free trial * Add to Cart for a full POI info)
33.544403,-85.073656,Taco Bell Carrollton/... (Free trial * Add to Cart for a full POI info)
34.170417,-84.782808,Taco Bell Cartersvill... (Free trial * Add to Cart for a full POI info)
34.271508,-84.798907,Taco Bell Cartersville/... (Free trial * Add to Cart for a full POI info)
34.016057,-85.254238,Taco Bell Cedartow... (Free trial * Add to Cart for a full POI info)
34.161747,-85.692739,Taco Bell Centr... (Free trial * Add to Cart for a full POI info)
34.784434,-84.771556,Taco Bell Chatswort... (Free trial * Add to Cart for a full POI info)
34.996237,-85.291147,Taco Bell Chattanooga/... (Free trial * Add to Cart for a full POI info)
34.888408,-85.267909,Taco Bell Chickamaug... (Free trial * Add to Cart for a full POI info)
32.801186,-86.576412,Taco Bell Clanto... (Free trial * Add to Cart for a full POI info)
32.555148,-84.946447,Taco Bell Columbus/1... (Free trial * Add to Cart for a full POI info)
32.425341,-84.948505,Taco Bell Columbus/1... (Free trial * Add to Cart for a full POI info)
32.519196,-84.955342,Taco Bell Columbus/1... (Free trial * Add to Cart for a full POI info)
32.465342,-84.919767,Taco Bell Columbus/... (Free trial * Add to Cart for a full POI info)
32.472496,-84.987592,Taco Bell Columbus/... (Free trial * Add to Cart for a full POI info)
32.484926,-84.935962,Taco Bell Columbus/... (Free trial * Add to Cart for a full POI info)
32.524378,-84.88839,Taco Bell Columbus/... (Free trial * Add to Cart for a full POI info)
33.648244,-84.011856,Taco Bell Conyers/... (Free trial * Add to Cart for a full POI info)
30.731386,-86.566652,Taco Bell Crestvie... (Free trial * Add to Cart for a full POI info)
34.158008,-86.836665,Taco Bell Cullma... (Free trial * Add to Cart for a full POI info)
34.206722,-86.873404,Taco Bell Cullman/... (Free trial * Add to Cart for a full POI info)
34.252214,-84.088239,Taco Bell Cummin... (Free trial * Add to Cart for a full POI info)
34.196869,-84.135598,Taco Bell Cumming/... (Free trial * Add to Cart for a full POI info)
31.306794,-85.714414,Taco Bell Daleville/... (Free trial * Add to Cart for a full POI info)
33.911058,-84.82554,Taco Bell Dalla... (Free trial * Add to Cart for a full POI info)
34.760682,-84.995121,Taco Bell Dalto... (Free trial * Add to Cart for a full POI info)
34.771985,-84.922717,Taco Bell Dalton/... (Free trial * Add to Cart for a full POI info)
34.796417,-84.962282,Taco Bell Dalton/... (Free trial * Add to Cart for a full POI info)
30.654113,-87.912144,Taco Bell Daphn... (Free trial * Add to Cart for a full POI info)
33.715798,-84.215646,Taco Bell Decatur/... (Free trial * Add to Cart for a full POI info)
34.571424,-86.973028,Taco Bell Decatur/... (Free trial * Add to Cart for a full POI info)
34.571839,-87.014351,Taco Bell Decatur/... (Free trial * Add to Cart for a full POI info)
33.701519,-84.268396,Taco Bell Decatur/... (Free trial * Add to Cart for a full POI info)
33.75433,-84.267319,Taco Bell Decatur/... (Free trial * Add to Cart for a full POI info)
32.503039,-87.821677,Taco Bell Demopoli... (Free trial * Add to Cart for a full POI info)
30.392476,-86.498396,Taco Bell Desti... (Free trial * Add to Cart for a full POI info)
33.757265,-87.064921,Taco Bell Dor... (Free trial * Add to Cart for a full POI info)
33.887468,-84.248611,Taco Bell Doravill... (Free trial * Add to Cart for a full POI info)
31.216447,-85.361015,Taco Bell Dotha... (Free trial * Add to Cart for a full POI info)
31.226023,-85.432143,Taco Bell Dothan/... (Free trial * Add to Cart for a full POI info)
31.236691,-85.459825,Taco Bell Dothan/... (Free trial * Add to Cart for a full POI info)
33.718512,-84.766099,Taco Bell Douglasvill... (Free trial * Add to Cart for a full POI info)
33.75154,-84.722356,Taco Bell Douglasville/... (Free trial * Add to Cart for a full POI info)
34.003114,-84.169905,Taco Bell Dulut... (Free trial * Add to Cart for a full POI info)
33.958057,-84.133918,Taco Bell Duluth/... (Free trial * Add to Cart for a full POI info)
34.679723,-84.487535,Taco Bell East Ellija... (Free trial * Add to Cart for a full POI info)
34.989837,-85.21302,Taco Bell East Ridg... (Free trial * Add to Cart for a full POI info)
33.61915,-84.243415,Taco Bell Ellenwoo... (Free trial * Add to Cart for a full POI info)
31.32318,-85.831362,Taco Bell Enterpris... (Free trial * Add to Cart for a full POI info)
31.440529,-86.953648,Taco Bell Evergreen/... (Free trial * Add to Cart for a full POI info)
33.717496,-87.817117,Taco Bell Fayett... (Free trial * Add to Cart for a full POI info)
33.47132,-84.4473,Taco Bell Fayetteville/1... (Free trial * Add to Cart for a full POI info)
34.820847,-87.681448,Taco Bell Florence/... (Free trial * Add to Cart for a full POI info)
34.825527,-87.644081,Taco Bell Florence/... (Free trial * Add to Cart for a full POI info)
30.39371,-87.68332,Taco Bell Fole... (Free trial * Add to Cart for a full POI info)
33.632727,-84.357866,Taco Bell Forest Par... (Free trial * Add to Cart for a full POI info)
34.944183,-85.22637,Taco Bell Fort Oglethorp... (Free trial * Add to Cart for a full POI info)
34.437096,-85.750809,Taco Bell Fort Payn... (Free trial * Add to Cart for a full POI info)
30.416551,-86.607497,Taco Bell Fort Walton Beac... (Free trial * Add to Cart for a full POI info)
30.448367,-86.638431,Taco Bell Fort Walton Beach/... (Free trial * Add to Cart for a full POI info)
34.007986,-85.983625,Taco Bell Gadsde... (Free trial * Add to Cart for a full POI info)
33.652223,-86.819279,Taco Bell Gardendal... (Free trial * Add to Cart for a full POI info)
31.046207,-85.893043,Taco Bell Geneva/... (Free trial * Add to Cart for a full POI info)
31.835933,-86.630853,Taco Bell Greenville/... (Free trial * Add to Cart for a full POI info)
33.24722,-84.273798,Taco Bell Griffi... (Free trial * Add to Cart for a full POI info)
33.27757,-84.291274,Taco Bell Griffin/... (Free trial * Add to Cart for a full POI info)
30.357759,-87.163888,Taco Bell Gulf Breez... (Free trial * Add to Cart for a full POI info)
34.342547,-86.307539,Taco Bell Guntersvill... (Free trial * Add to Cart for a full POI info)
34.21147,-87.620375,Taco Bell Haleyvill... (Free trial * Add to Cart for a full POI info)
34.118399,-87.989494,Taco Bell Hamilto... (Free trial * Add to Cart for a full POI info)
34.658019,-86.482886,Taco Bell Hampton Cov... (Free trial * Add to Cart for a full POI info)
33.448592,-84.325086,Taco Bell Hampton/... (Free trial * Add to Cart for a full POI info)
34.436985,-86.939999,Taco Bell Hartsell... (Free trial * Add to Cart for a full POI info)
33.283584,-86.855317,Taco Bell Helena/... (Free trial * Add to Cart for a full POI info)
33.891307,-84.754816,Taco Bell Hira... (Free trial * Add to Cart for a full POI info)
33.985575,-85.864831,Taco Bell Hokes Bluf... (Free trial * Add to Cart for a full POI info)
33.444114,-86.826613,Taco Bell Homewood/... (Free trial * Add to Cart for a full POI info)
33.450442,-86.984822,Taco Bell Hueytow... (Free trial * Add to Cart for a full POI info)
34.764965,-86.48607,Taco Bell Huntsvill... (Free trial * Add to Cart for a full POI info)
34.741158,-86.662532,Taco Bell Huntsville/... (Free trial * Add to Cart for a full POI info)
34.690282,-86.581582,Taco Bell Huntsville/... (Free trial * Add to Cart for a full POI info)
34.719613,-86.578994,Taco Bell Huntsville/... (Free trial * Add to Cart for a full POI info)
34.634183,-86.567058,Taco Bell Huntsville/... (Free trial * Add to Cart for a full POI info)
34.761813,-86.590082,Taco Bell Huntsville/... (Free trial * Add to Cart for a full POI info)
34.7348,-86.633875,Taco Bell Huntsville/... (Free trial * Add to Cart for a full POI info)
33.785605,-85.770014,Taco Bell Jacksonville/... (Free trial * Add to Cart for a full POI info)
34.466038,-84.460905,Taco Bell Jaspe... (Free trial * Add to Cart for a full POI info)
33.849014,-87.279978,Taco Bell Jasper/... (Free trial * Add to Cart for a full POI info)
33.528193,-84.363476,Taco Bell Jonesboro/... (Free trial * Add to Cart for a full POI info)
34.000145,-84.59126,Taco Bell Kennesa... (Free trial * Add to Cart for a full POI info)
34.057823,-84.592806,Taco Bell Kennesaw/... (Free trial * Add to Cart for a full POI info)
34.720804,-85.280165,Taco Bell La Fayett... (Free trial * Add to Cart for a full POI info)
33.051273,-85.028938,Taco Bell Lagrang... (Free trial * Add to Cart for a full POI info)
33.889469,-84.057706,Taco Bell Lawrenceville/... (Free trial * Add to Cart for a full POI info)
33.951387,-84.061032,Taco Bell Lawrenceville/... (Free trial * Add to Cart for a full POI info)
33.965479,-84.007838,Taco Bell Lawrenceville/... (Free trial * Add to Cart for a full POI info)
33.560223,-86.522897,Taco Bell Leed... (Free trial * Add to Cart for a full POI info)
33.594359,-86.122022,Taco Bell Lincoln/... (Free trial * Add to Cart for a full POI info)
33.77988,-84.607621,Taco Bell Lithia Spring... (Free trial * Add to Cart for a full POI info)
33.702531,-84.168202,Taco Bell Lithoni... (Free trial * Add to Cart for a full POI info)
33.692266,-84.091365,Taco Bell Lithonia/... (Free trial * Add to Cart for a full POI info)
33.352214,-84.124288,Taco Bell Locust Grov... (Free trial * Add to Cart for a full POI info)
30.22841,-85.649286,Taco Bell Lynn Have... (Free trial * Add to Cart for a full POI info)
34.752697,-86.747007,Taco Bell Madiso... (Free trial * Add to Cart for a full POI info)
34.677279,-86.749702,Taco Bell Madison/... (Free trial * Add to Cart for a full POI info)
30.769426,-85.204831,Taco Bell Mariann... (Free trial * Add to Cart for a full POI info)
30.701555,-85.183965,Taco Bell Marianna/... (Free trial * Add to Cart for a full POI info)
33.924482,-84.574871,Taco Bell Mariett... (Free trial * Add to Cart for a full POI info)
34.019885,-84.528291,Taco Bell Marietta/... (Free trial * Add to Cart for a full POI info)
33.945438,-84.624444,Taco Bell Marietta/... (Free trial * Add to Cart for a full POI info)
30.417628,-86.653669,Taco Bell Mary Esthe... (Free trial * Add to Cart for a full POI info)
33.431706,-84.177113,Taco Bell McDonoug... (Free trial * Add to Cart for a full POI info)
33.507746,-84.142253,Taco Bell McDonough/... (Free trial * Add to Cart for a full POI info)
34.872024,-86.571043,Taco Bell Meridianvill... (Free trial * Add to Cart for a full POI info)
30.606722,-87.062585,Taco Bell Milto... (Free trial * Add to Cart for a full POI info)
30.37771,-86.352962,Taco Bell Miramar Beac... (Free trial * Add to Cart for a full POI info)
32.381582,-86.215604,Taco Bell Montgomer... (Free trial * Add to Cart for a full POI info)
32.359559,-86.2172,Taco Bell Montgomery/... (Free trial * Add to Cart for a full POI info)
32.364153,-86.269979,Taco Bell Montgomery/... (Free trial * Add to Cart for a full POI info)
32.326279,-86.325015,Taco Bell Montgomery/... (Free trial * Add to Cart for a full POI info)
33.568475,-84.330193,Taco Bell Morro... (Free trial * Add to Cart for a full POI info)
33.585846,-84.338763,Taco Bell Morrow/... (Free trial * Add to Cart for a full POI info)
34.482976,-87.273815,Taco Bell Moulto... (Free trial * Add to Cart for a full POI info)
34.742044,-87.667791,Taco Bell Muscle Shoal... (Free trial * Add to Cart for a full POI info)
30.401676,-86.860631,Taco Bell Navarr... (Free trial * Add to Cart for a full POI info)
33.390683,-84.771023,Taco Bell Newna... (Free trial * Add to Cart for a full POI info)
30.522572,-86.495114,Taco Bell Nicevill... (Free trial * Add to Cart for a full POI info)
33.9268,-84.174881,Taco Bell Norcros... (Free trial * Add to Cart for a full POI info)
33.909201,-84.206639,Taco Bell Norcross/... (Free trial * Add to Cart for a full POI info)
33.96715,-84.256601,Taco Bell Norcross/... (Free trial * Add to Cart for a full POI info)
33.239126,-87.575333,Taco Bell Northpor... (Free trial * Add to Cart for a full POI info)
33.949936,-86.470697,Taco Bell Oneonta/... (Free trial * Add to Cart for a full POI info)
32.637154,-85.41445,Taco Bell Opelik... (Free trial * Add to Cart for a full POI info)
33.606589,-85.826812,Taco Bell Oxfor... (Free trial * Add to Cart for a full POI info)
31.447495,-85.657311,Taco Bell Ozar... (Free trial * Add to Cart for a full POI info)
30.599281,-87.162921,Taco Bell Pac... (Free trial * Add to Cart for a full POI info)
30.157708,-85.591198,Taco Bell Panama Cit... (Free trial * Add to Cart for a full POI info)
30.221191,-85.887113,Taco Bell Panama City Beac... (Free trial * Add to Cart for a full POI info)
30.188307,-85.757511,Taco Bell Panama City Beach/... (Free trial * Add to Cart for a full POI info)
30.192338,-85.83407,Taco Bell Panama City Beach/... (Free trial * Add to Cart for a full POI info)
30.190097,-85.711394,Taco Bell Panama City/... (Free trial * Add to Cart for a full POI info)
33.375958,-84.569057,Taco Bell Peachtree Cit... (Free trial * Add to Cart for a full POI info)
33.583663,-86.278622,Taco Bell Pell Cit... (Free trial * Add to Cart for a full POI info)
30.349378,-87.266033,Taco Bell Pensacol... (Free trial * Add to Cart for a full POI info)
30.478469,-87.206052,Taco Bell Pensacola/... (Free trial * Add to Cart for a full POI info)
30.445296,-87.240548,Taco Bell Pensacola/... (Free trial * Add to Cart for a full POI info)
30.404679,-87.276755,Taco Bell Pensacola/... (Free trial * Add to Cart for a full POI info)
30.511463,-87.219719,Taco Bell Pensacola/... (Free trial * Add to Cart for a full POI info)
30.45806,-87.299702,Taco Bell Pensacola/... (Free trial * Add to Cart for a full POI info)
30.533164,-87.262229,Taco Bell Pensacola/... (Free trial * Add to Cart for a full POI info)
32.48032,-85.030559,Taco Bell Phenix Cit... (Free trial * Add to Cart for a full POI info)
33.933808,-85.610591,Taco Bell Piedmont/... (Free trial * Add to Cart for a full POI info)
33.696915,-86.67977,Taco Bell Pinso... (Free trial * Add to Cart for a full POI info)
33.858934,-84.671275,Taco Bell Powder Spring... (Free trial * Add to Cart for a full POI info)
32.462502,-86.450833,Taco Bell Prattvill... (Free trial * Add to Cart for a full POI info)
34.492949,-85.848196,Taco Bell Rainsvill... (Free trial * Add to Cart for a full POI info)
34.901154,-85.136345,Taco Bell Ringgol... (Free trial * Add to Cart for a full POI info)
33.564151,-84.413382,Taco Bell Riverdal... (Free trial * Add to Cart for a full POI info)
34.011096,-85.039649,Taco Bell Rockmar... (Free trial * Add to Cart for a full POI info)
34.244093,-85.161119,Taco Bell Rome/... (Free trial * Add to Cart for a full POI info)
34.272015,-85.229599,Taco Bell Rome/... (Free trial * Add to Cart for a full POI info)
34.027895,-84.334729,Taco Bell Roswel... (Free trial * Add to Cart for a full POI info)
34.518362,-87.7164,Taco Bell Russellvill... (Free trial * Add to Cart for a full POI info)
34.649837,-86.034065,Taco Bell Scottsbor... (Free trial * Add to Cart for a full POI info)
32.431612,-87.036154,Taco Bell Selm... (Free trial * Add to Cart for a full POI info)
33.407997,-84.670408,Taco Bell Sharpsbur... (Free trial * Add to Cart for a full POI info)
33.856516,-84.023179,Taco Bell Snellvill... (Free trial * Add to Cart for a full POI info)
33.929611,-86.023705,Taco Bell Southsid... (Free trial * Add to Cart for a full POI info)
30.669595,-87.851786,Taco Bell Spanish For... (Free trial * Add to Cart for a full POI info)
33.504658,-84.237566,Taco Bell Stockbridg... (Free trial * Add to Cart for a full POI info)
33.549829,-84.275044,Taco Bell Stockbridge/... (Free trial * Add to Cart for a full POI info)
33.824114,-84.107251,Taco Bell Stone Mountai... (Free trial * Add to Cart for a full POI info)
33.796264,-84.224516,Taco Bell Stone Mountain/... (Free trial * Add to Cart for a full POI info)
34.072957,-84.165997,Taco Bell Suwane... (Free trial * Add to Cart for a full POI info)
34.063779,-84.07354,Taco Bell Suwanee/... (Free trial * Add to Cart for a full POI info)
34.026711,-84.049344,Taco Bell Suwanee/... (Free trial * Add to Cart for a full POI info)
33.435038,-86.081123,Taco Bell Talladeg... (Free trial * Add to Cart for a full POI info)
30.506038,-84.249817,Taco Bell Tallahasse... (Free trial * Add to Cart for a full POI info)
30.486758,-84.315552,Taco Bell Tallahassee/... (Free trial * Add to Cart for a full POI info)
30.459515,-84.35516,Taco Bell Tallahassee/... (Free trial * Add to Cart for a full POI info)
30.449122,-84.306815,Taco Bell Tallahassee/... (Free trial * Add to Cart for a full POI info)
30.427835,-84.220516,Taco Bell Tallahassee/... (Free trial * Add to Cart for a full POI info)
30.409891,-84.280756,Taco Bell Tallahassee/... (Free trial * Add to Cart for a full POI info)
33.736104,-85.285442,Taco Bell Tallapoos... (Free trial * Add to Cart for a full POI info)
33.58567,-86.770582,Taco Bell Tarran... (Free trial * Add to Cart for a full POI info)
32.917123,-84.333108,Taco Bell Thomasto... (Free trial * Add to Cart for a full POI info)
30.783349,-84.016497,Taco Bell Thomasvill... (Free trial * Add to Cart for a full POI info)
31.935914,-87.737701,Taco Bell Thomasville/... (Free trial * Add to Cart for a full POI info)
34.8709,-85.519289,Taco Bell Trenton/... (Free trial * Add to Cart for a full POI info)
31.777472,-85.936073,Taco Bell Tro... (Free trial * Add to Cart for a full POI info)
33.63933,-86.614754,Taco Bell Trussvill... (Free trial * Add to Cart for a full POI info)
33.854978,-84.209277,Taco Bell Tucke... (Free trial * Add to Cart for a full POI info)
33.205302,-87.569628,Taco Bell Tuscaloos... (Free trial * Add to Cart for a full POI info)
33.168176,-87.521815,Taco Bell Tuscaloosa/... (Free trial * Add to Cart for a full POI info)
32.422457,-85.692774,Taco Bell Tuskege... (Free trial * Add to Cart for a full POI info)
33.569202,-84.540661,Taco Bell Union Cit... (Free trial * Add to Cart for a full POI info)
32.827744,-85.174771,Taco Bell Valle... (Free trial * Add to Cart for a full POI info)
33.724109,-84.937891,Taco Bell Villa Ric... (Free trial * Add to Cart for a full POI info)
33.810924,-86.820487,Taco Bell Warrio... (Free trial * Add to Cart for a full POI info)
32.524115,-86.20775,Taco Bell Wetumpk... (Free trial * Add to Cart for a full POI info)
33.926654,-87.757477,Taco Bell Winfiel... (Free trial * Add to Cart for a full POI info)
34.113051,-84.56005,Taco Bell Woodstoc... (Free trial * Add to Cart for a full POI info)
